feature,importancia
similarity,0.5587219206859017
lead_time,0.16818602547810035
message_degree,0.11910447933948974
attack_encoded,0.07561499212682937
event_degree,0.039289496028411364
message_breadth,0.03908308634126744
